{
    "metrics": {
        "http_req_tls_handshaking": {
            "min": 0,
            "med": 0,
            "max": 0,
            "p(90)": 0,
            "p(95)": 0,
            "avg": 0
        },
        "http_req_sending": {
            "max": 0,
            "p(90)": 0,
            "p(95)": 0,
            "avg": 0,
            "min": 0,
            "med": 0
        },
        "vus": {
            "value": 4,
            "min": 1,
            "max": 20
        },
        "checks": {
            "passes": 1431,
            "fails": 576,
            "value": 0.7130044843049327
        },
        "http_req_duration{expected_response:true}": {
            "med": 2430.667,
            "max": 3778.4165,
            "p(90)": 2891.4511,
            "p(95)": 2994.19444,
            "avg": 2324.3769334828103,
            "min": 310.7992
        },
        "http_req_failed": {
            "passes": 0,
            "fails": 669,
            "value": 0
        },
        "http_req_waiting": {
            "p(90)": 2816.64276,
            "p(95)": 2923.44644,
            "avg": 2264.1402168908835,
            "min": 301.1042,
            "med": 2365.5332,
            "max": 3670.0795
        },
        "data_sent": {
            "count": 108378,
            "rate": 884.5425924871109
        },
        "iterations": {
            "count": 669,
            "rate": 5.460139459796981
        },
        "vus_max": {
            "max": 20,
            "value": 20,
            "min": 20
        },
        "http_req_connecting": {
            "p(90)": 0,
            "p(95)": 0,
            "avg": 1.7081588938714503,
            "min": 0,
            "med": 0,
            "max": 100.1675
        },
        "http_req_receiving": {
            "med": 59.5905,
            "max": 154.9023,
            "p(90)": 84.05630000000001,
            "p(95)": 96.33402000000001,
            "avg": 60.236716591928285,
            "min": 7.5286
        },
        "iteration_duration": {
            "p(90)": 3893.98316,
            "p(95)": 3995.168,
            "avg": 3326.793756352768,
            "min": 1311.2105,
            "med": 3431.5881,
            "max": 4780.2979
        },
        "data_received": {
            "count": 6403668,
            "rate": 52264.454909176704
        },
        "http_req_duration": {
            "med": 2430.667,
            "max": 3778.4165,
            "p(90)": 2891.4511,
            "p(95)": 2994.19444,
            "avg": 2324.3769334828103,
            "min": 310.7992
        },
        "http_req_blocked": {
            "p(95)": 0,
            "avg": 1.7169943198804185,
            "min": 0,
            "med": 0,
            "max": 100.1675,
            "p(90)": 0
        },
        "http_reqs": {
            "count": 669,
            "rate": 5.460139459796981
        }
    },
    "root_group": {
        "name": "",
        "path": "",
        "id": "d41d8cd98f00b204e9800998ecf8427e",
        "groups": {},
        "checks": {
                "status deve ser 200": {
                    "name": "status deve ser 200",
                    "path": "::status deve ser 200",
                    "id": "2e215f6f575a5f72a552b6bb5c934568",
                    "passes": 669,
                    "fails": 0
                },
                "tempo de resposta menor que 2s": {
                    "id": "9284aefdb66318166e1592dd178f7602",
                    "passes": 93,
                    "fails": 576,
                    "name": "tempo de resposta menor que 2s",
                    "path": "::tempo de resposta menor que 2s"
                },
                "resposta deve ser uma lista": {
                    "id": "10df3572915b40eacd9d139122d1953f",
                    "passes": 669,
                    "fails": 0,
                    "name": "resposta deve ser uma lista",
                    "path": "::resposta deve ser uma lista"
                }
            }
    }
}